{"count":1,"self":38.3638848,"total":54.958202699999994,"children":{"InitializeActuators":{"count":2,"self":0.0025128999999999998,"total":0.0025128999999999998,"children":null},"InitializeSensors":{"count":2,"self":0.0030126999999999997,"total":0.0030126999999999997,"children":null},"AgentSendState":{"count":94871,"self":0.23777199999999998,"total":0.6515154,"children":{"CollectObservations":{"count":18975,"self":0.33738199999999996,"total":0.33738199999999996,"children":null},"WriteActionMask":{"count":18975,"self":0.011776199999999999,"total":0.011776199999999999,"children":null},"RequestDecision":{"count":18975,"self":0.0645852,"total":0.0645852,"children":null}}},"DecideAction":{"count":94871,"self":15.009036799999999,"total":15.009037399999999,"children":null},"AgentAct":{"count":94871,"self":0.927221,"total":0.927221,"children":null}},"gauges":{"Car.CumulativeReward":{"count":94,"max":2.99999976,"min":-0.600000143,"runningAverage":1.20212758,"value":0.599999845,"weightedAverage":0.9620822}},"metadata":{"timer_format_version":"0.1.0","start_time_seconds":"1779836777","unity_version":"6000.3.13f1","command_line_arguments":"C:\\Program Files\\Unity\\Hub\\Editor\\6000.3.13f1\\Editor\\Unity.exe -projectpath D:\\Projects\\My project -useHub -hubIPC -cloudEnvironment production -licensingIpc LicenseClient-juuli -hubSessionId 764fb8c0-92c3-4979-9d7c-238bd997d8ab -accessToken d9bdaQsZVqvJRRobfwrrgk0f3A91Imx3J52_NEtRpVU005f","communication_protocol_version":"1.5.0","com.unity.ml-agents_version":"2.0.2","scene_name":"Car scene","end_time_seconds":"1779836832"}}