{"count":1,"self":3843.6126719999997,"total":8502.213377099999,"children":{"InitializeActuators":{"count":2,"self":0.0025204999999999997,"total":0.0025204999999999997,"children":null},"InitializeSensors":{"count":2,"self":0.0025206,"total":0.0025206,"children":null},"AgentSendState":{"count":4936086,"self":15.8287952,"total":262.9033281,"children":{"CollectObservations":{"count":987218,"self":18.744300799999998,"total":18.744301099999998,"children":null},"WriteActionMask":{"count":987218,"self":0.8115717,"total":0.8115717,"children":null},"RequestDecision":{"count":987218,"self":4.173506,"total":227.5186594,"children":{"AgentInfo.ToProto":{"count":987218,"self":4.805412,"total":223.3451533,"children":{"GenerateSensorData":{"count":987218,"self":218.5397504,"total":218.5397414,"children":null}}}}}}},"DecideAction":{"count":4936086,"self":4332.3871232,"total":4332.3871152,"children":null},"AgentAct":{"count":4936086,"self":62.1879232,"total":63.305204999999994,"children":{"AgentInfo.ToProto":{"count":4936,"self":0.018471599999999998,"total":1.1172829,"children":{"GenerateSensorData":{"count":4936,"self":1.0988113,"total":1.0988113,"children":null}}}}}},"gauges":{"Car.CumulativeReward":{"count":4936,"max":11.9870052,"min":-2.69288659,"runningAverage":4.72356653,"value":5.187903,"weightedAverage":5.697547}},"metadata":{"timer_format_version":"0.1.0","start_time_seconds":"1777205401","unity_version":"6000.3.13f1","command_line_arguments":"C:\\Program Files\\Unity\\Hub\\Editor\\6000.3.13f1\\Editor\\Unity.exe -projectpath D:\\Projects\\My project -useHub -hubIPC -cloudEnvironment production -licensingIpc LicenseClient-juuli -hubSessionId 0236d3ce-0804-4776-bb3a-10f5c9ffce63 -accessToken KaNFhI-tcRo-lFLfO59wSxjsfjMKsuDyKUF_9LnfYGw005f","communication_protocol_version":"1.5.0","com.unity.ml-agents_version":"2.0.2","scene_name":"Car scene","end_time_seconds":"1777213903"}}