{"count":1,"self":1678.7512319999998,"total":2815.5355191,"children":{"InitializeActuators":{"count":2,"self":0.0009992,"total":0.0009992,"children":null},"InitializeSensors":{"count":2,"self":0.0010144,"total":0.0010144,"children":null},"AgentSendState":{"count":112609,"self":1.5597223999999998,"total":48.3226441,"children":{"CollectObservations":{"count":225218,"self":43.3903744,"total":43.3903752,"children":null},"WriteActionMask":{"count":225218,"self":0.214021,"total":0.214021,"children":null},"RequestDecision":{"count":225218,"self":0.88225179999999992,"total":3.1585254999999997,"children":{"AgentInfo.ToProto":{"count":225218,"self":0.8100596,"total":2.2762737,"children":{"GenerateSensorData":{"count":225218,"self":1.4662141,"total":1.4662141,"children":null}}}}}}},"DecideAction":{"count":112609,"self":1010.2664192,"total":1010.2664254,"children":null},"AgentAct":{"count":112609,"self":78.1884608,"total":78.1921642,"children":{"AgentInfo.ToProto":{"count":226,"self":0.0031701999999999998,"total":0.0037045999999999997,"children":{"GenerateSensorData":{"count":226,"self":0.0005344,"total":0.0005344,"children":null}}}}}},"gauges":{"ObserverAgent.CumulativeReward":{"count":113,"max":0.839999855,"min":-1.50499094,"runningAverage":-1.46581376,"value":-1.50399089,"weightedAverage":-1.50458121},"NavigatorAgent.CumulativeReward":{"count":113,"max":10.7280636,"min":-4.68177176,"runningAverage":-2.52194238,"value":-1.87770689,"weightedAverage":-1.91202569}},"metadata":{"timer_format_version":"0.1.0","start_time_seconds":"1772647499","unity_version":"6000.1.0f1","command_line_arguments":"C:\\Program Files\\Unity\\Hub\\Editor\\6000.1.0f1\\Editor\\Unity.exe -projectpath D:\\Projects\\My project -useHub -hubIPC -cloudEnvironment production -licensingIpc LicenseClient-juuli -hubSessionId 80942690-3bc8-4079-b015-055d57a600ff -accessToken ZP6C_oGIjlLaZ26JGCfKDVTblhgIvxNWz95cP0JJnE4005f","communication_protocol_version":"1.5.0","com.unity.ml-agents_version":"2.0.2","scene_name":"Channel","end_time_seconds":"1772650314"}}