{
    "name": "root",
    "metadata": {
        "timer_format_version": "0.1.0",
        "start_time_seconds": "1778350217",
        "python_version": "3.9.13 (tags/v3.9.13:6de2ca5, May 17 2022, 16:36:42) [MSC v.1929 64 bit (AMD64)]",
        "command_line_arguments": "C:\\Users\\juuli\\AppData\\Local\\Programs\\Python\\Python39\\lib\\site-packages\\mlagents\\trainers\\learn.py config.yaml --run-id=PPO_32_1 --resume",
        "mlagents_version": "0.30.0",
        "mlagents_envs_version": "0.30.0",
        "communication_protocol_version": "1.5.0",
        "pytorch_version": "1.13.1+cpu",
        "numpy_version": "1.21.2",
        "end_time_seconds": "1778350296"
    },
    "total": 79.5239248,
    "count": 1,
    "self": 0.0037671999999986383,
    "children": {
        "run_training.setup": {
            "total": 0.06999149999999998,
            "count": 1,
            "self": 0.06999149999999998
        },
        "TrainerController.start_learning": {
            "total": 79.4501661,
            "count": 1,
            "self": 0.01777449999997316,
            "children": {
                "TrainerController._reset_env": {
                    "total": 8.8005702,
                    "count": 1,
                    "self": 8.8005702
                },
                "TrainerController.advance": {
                    "total": 69.87634160000005,
                    "count": 611,
                    "self": 0.016871600000044396,
                    "children": {
                        "env_step": {
                            "total": 69.78005340000001,
                            "count": 611,
                            "self": 69.09383039999993,
                            "children": {
                                "SubprocessEnvManager._take_step": {
                                    "total": 0.675962600000032,
                                    "count": 611,
                                    "self": 0.06040499999999405,
                                    "children": {
                                        "TorchPolicy.evaluate": {
                                            "total": 0.615557600000038,
                                            "count": 611,
                                            "self": 0.615557600000038
                                        }
                                    }
                                },
                                "workers": {
                                    "total": 0.010260400000047909,
                                    "count": 610,
                                    "self": 0.0,
                                    "children": {
                                        "worker_root": {
                                            "total": 7.9858793999999556,
                                            "count": 610,
                                            "is_parallel": true,
                                            "self": 1.8419300999999493,
                                            "children": {
                                                "steps_from_proto": {
                                                    "total": 0.00025869999999983406,
                                                    "count": 1,
                                                    "is_parallel": true,
                                                    "self": 7.850000000253488e-05,
                                                    "children": {
                                                        "_process_rank_one_or_two_observation": {
                                                            "total": 0.0001801999999972992,
                                                            "count": 2,
                                                            "is_parallel": true,
                                                            "self": 0.0001801999999972992
                                                        }
                                                    }
                                                },
                                                "UnityEnvironment.step": {
                                                    "total": 6.143690600000006,
                                                    "count": 610,
                                                    "is_parallel": true,
                                                    "self": 0.08666920000005618,
                                                    "children": {
                                                        "UnityEnvironment._generate_step_input": {
                                                            "total": 0.0800095999999737,
                                                            "count": 610,
                                                            "is_parallel": true,
                                                            "self": 0.0800095999999737
                                                        },
                                                        "communicator.exchange": {
                                                            "total": 5.794714499999992,
                                                            "count": 610,
                                                            "is_parallel": true,
                                                            "self": 5.794714499999992
                                                        },
                                                        "steps_from_proto": {
                                                            "total": 0.18229729999998412,
                                                            "count": 610,
                                                            "is_parallel": true,
                                                            "self": 0.07912529999996742,
                                                            "children": {
                                                                "_process_rank_one_or_two_observation": {
                                                                    "total": 0.1031720000000167,
                                                                    "count": 1220,
                                                                    "is_parallel": true,
                                                                    "self": 0.1031720000000167
                                                                }
                                                            }
                                                        }
                                                    }
                                                }
                                            }
                                        }
                                    }
                                }
                            }
                        },
                        "trainer_advance": {
                            "total": 0.07941659999998762,
                            "count": 610,
                            "self": 0.022547700000018267,
                            "children": {
                                "process_trajectory": {
                                    "total": 0.05686889999996936,
                                    "count": 610,
                                    "self": 0.05686889999996936
                                }
                            }
                        }
                    }
                },
                "TrainerController._save_models": {
                    "total": 0.7554797999999892,
                    "count": 1,
                    "self": 0.019742699999994784,
                    "children": {
                        "RLTrainer._checkpoint": {
                            "total": 0.7357370999999944,
                            "count": 1,