{
    "name": "root",
    "gauges": {
        "NavigatorAgent.Policy.Entropy.mean": {
            "value": 1.4035993814468384,
            "min": 1.3970662355422974,
            "max": 1.4162133932113647,
            "count": 113
        },
        "NavigatorAgent.Policy.Entropy.sum": {
            "value": 1412.02099609375,
            "min": 318.64801025390625,
            "max": 1424.710693359375,
            "count": 113
        },
        "NavigatorAgent.Step.mean": {
            "value": 612980.0,
            "min": 500999.0,
            "max": 612980.0,
            "count": 113
        },
        "NavigatorAgent.Step.sum": {
            "value": 612980.0,
            "min": 500999.0,
            "max": 612980.0,
            "count": 113
        },
        "NavigatorAgent.Policy.ExtrinsicValueEstimate.mean": {
            "value": -0.03419889137148857,
            "min": -0.07344508916139603,
            "max": 0.15949080884456635,
            "count": 113
        },
        "NavigatorAgent.Policy.ExtrinsicValueEstimate.sum": {
            "value": -0.5471822619438171,
            "min": -1.1751214265823364,
            "max": 0.7416686415672302,
            "count": 113
        },
        "NavigatorAgent.Environment.EpisodeLength.mean": {
            "value": 1005.0,
            "min": 160.0,
            "max": 1005.0,
            "count": 111
        },
        "NavigatorAgent.Environment.EpisodeLength.sum": {
            "value": 1005.0,
            "min": 160.0,
            "max": 1454.0,
            "count": 111
        },
        "NavigatorAgent.Environment.CumulativeReward.mean": {
            "value": -2.0961708864197135,
            "min": -4.681838267482817,
            "max": 10.728062123060226,
            "count": 111
        },
        "NavigatorAgent.Environment.CumulativeReward.sum": {
            "value": -2.0961708864197135,
            "min": -4.681838267482817,
            "max": 10.728062123060226,
            "count": 111
        },
        "NavigatorAgent.Policy.ExtrinsicReward.mean": {
            "value": -2.0961708864197135,
            "min": -4.681838267482817,
            "max": 10.728062123060226,
            "count": 111
        },
        "NavigatorAgent.Policy.ExtrinsicReward.sum": {
            "value": -2.0961708864197135,
            "min": -4.681838267482817,
            "max": 10.728062123060226,
            "count": 111
        },
        "NavigatorAgent.IsTraining.mean": {
            "value": 1.0,
            "min": 1.0,
            "max": 1.0,
            "count": 113
        },
        "NavigatorAgent.IsTraining.sum": {
            "value": 1.0,
            "min": 1.0,
            "max": 1.0,
            "count": 113
        },
        "ObserverAgent.Policy.Entropy.mean": {
            "value": 1.3832627534866333,
            "min": 1.3631079196929932,
            "max": 1.3833502531051636,
            "count": 113
        },
        "ObserverAgent.Policy.Entropy.sum": {
            "value": 1391.5623779296875,
            "min": 309.9721374511719,
            "max": 1391.650390625,
            "count": 113
        },
        "ObserverAgent.Step.mean": {
            "value": 612980.0,
            "min": 500999.0,
            "max": 612980.0,
            "count": 113
        },
        "ObserverAgent.Step.sum": {
            "value": 612980.0,
            "min": 500999.0,
            "max": 612980.0,
            "count": 113
        },
        "ObserverAgent.Policy.ExtrinsicValueEstimate.mean": {
            "value": -0.09044691920280457,
            "min": -0.14250054955482483,
            "max": -0.07761506736278534,
            "count": 113
        },
        "ObserverAgent.Policy.ExtrinsicValueEstimate.sum": {
            "value": -1.447150707244873,
            "min": -2.2800087928771973,
            "max": -0.2511815130710602,
            "count": 113
        },
        "ObserverAgent.Environment.EpisodeLength.mean": {
            "value": 1005.0,
            "min": 160.0,
            "max": 1005.0,
            "count": 111
        },
        "ObserverAgent.Environment.EpisodeLength.sum": {
            "value": 1005.0,
            "min": 160.0,
            "max": 1454.0,
            "count": 111
        },
        "ObserverAgent.Environment.CumulativeReward.mean": {
            "value": -1.5050000622868538,
            "min": -1.5050000622868538,
            "max": 0.8399999886751175,
            "count": 111
        },
        "ObserverAgent.Environment.CumulativeReward.sum": {
            "value": -1.5050000622868538,
            "min": -1.5050000622868538,
            "max": 0.8399999886751175,
            "count": 111
        },
        "ObserverAgent.Policy.ExtrinsicReward.mean": {
            "value": -1.5050000622868538,
            "min": -1.5050000622868538,
            "max": 0.8399999886751175,
            "count": 111
        },
        "ObserverAgent.Policy.ExtrinsicReward.sum": {
            "value": -1.5050000622868538,
            "min": -1.5050000622868538,
            "max": 0.8399999886751175,
            "count": 111
        },
        "ObserverAgent.IsTraining.mean": {
            "value": 1.0,
            "min": 1.0,
            "max": 1.0,
            "count": 113
        },
        "ObserverAgent.IsTraining.sum": {
            "value": 1.0,
            "min": 1.0,
            "max": 1.0,
            "count": 113
        },
        "NavigatorAgent.Losses.PolicyLoss.mean": {
            "value": 0.02835532199824229,
            "min": 0.019079131345885497,
            "max": 0.034248299136136966,
            "count": 10
        },
        "NavigatorAgent.Losses.PolicyLoss.sum": {
            "value": 0.02835532199824229,
            "min": 0.019079131345885497,
            "max": 0.034248299136136966,
            "count": 10
        },
        "NavigatorAgent.Losses.ValueLoss.mean": {
            "value": 0.00912170996889472,
            "min": 0.008302046265453101,
            "max": 0.09842888545244932,
            "count": 10
        },
        "NavigatorAgent.Losses.ValueLoss.sum": {
            "value": 0.00912170996889472,
            "min": 0.008302046265453101,
            "max": 0.09842888545244932,
            "count": 10
        },
        "NavigatorAgent.Policy.LearningRate.mean": {
            "value": 0.0002963795052068321,
            "min": 0.0002963795052068321,
            "max": 0.000296933275022242,
            "count": 10
        },
        "NavigatorAgent.Policy.LearningRate.sum": {
            "value": 0.0002963795052068321,
            "min": 0.0002963795052068321,
            "max": 0.000296933275022242,
            "count": 10
        },
        "NavigatorAgent.Policy.Epsilon.mean": {
            "value": 0.198793168,
            "min": 0.198793168,
            "max": 0.19897775799999995,
            "count": 10
        },
        "NavigatorAgent.Policy.Epsilon.sum": {
            "value": 0.198793168,
            "min": 0.198793168,
            "max": 0.19897775799999995,
            "count": 10
        },
        "NavigatorAgent.Policy.Beta.mean": {
            "value": 0.0049397790832,
            "min": 0.0049397790832,
            "max": 0.0049489901242,
            "count": 10
        },
        "NavigatorAgent.Policy.Beta.sum": {
            "value": 0.0049397790832,
            "min": 0.0049397790832,
            "max": 0.0049489901242,
            "count": 10
        },
        "ObserverAgent.Losses.PolicyLoss.mean": {
            "value": 0.022763968468643724,
            "min": 0.021219375791649023,
            "max": 0.026790256534392636,
            "count": 10
        },
        "ObserverAgent.Losses.PolicyLoss.sum": {
            "value": 0.022763968468643724,
            "min": 0.021219375791649023,
            "max": 0.026790256534392636,
            "count": 10
        },
        "ObserverAgent.Losses.ValueLoss.mean": {
            "value": 0.0014947505590195457,
            "min": 0.0010844924273745468,