{
    "name": "root",
    "gauges": {
        "Car.Policy.Entropy.mean": {
            "value": 1.0602068901062012,
            "min": 1.0602068901062012,
            "max": 1.4189382791519165,
            "count": 529
        },
        "Car.Policy.Entropy.sum": {
            "value": 10602.068359375,
            "min": 10602.068359375,
            "max": 14189.3828125,
            "count": 529
        },
        "Car.Step.mean": {
            "value": 5289992.0,
            "min": 9992.0,
            "max": 5289992.0,
            "count": 529
        },
        "Car.Step.sum": {
            "value": 5289992.0,
            "min": 9992.0,
            "max": 5289992.0,
            "count": 529
        },
        "Car.Policy.ExtrinsicValueEstimate.mean": {
            "value": 1.1745682954788208,
            "min": -0.6673697829246521,
            "max": 1.4703359603881836,
            "count": 529
        },
        "Car.Policy.ExtrinsicValueEstimate.sum": {
            "value": 234.9136505126953,
            "min": -133.4739532470703,
            "max": 294.06719970703125,
            "count": 529
        },
        "Car.Environment.EpisodeLength.mean": {
            "value": 199.0,
            "min": 199.0,
            "max": 199.0,
            "count": 529
        },
        "Car.Environment.EpisodeLength.sum": {
            "value": 9950.0,
            "min": 9950.0,
            "max": 9950.0,
            "count": 529
        },
        "Car.Environment.CumulativeReward.mean": {
            "value": 2.7903414075821638,
            "min": -1.723643769621849,
            "max": 3.886020111069083,
            "count": 529
        },
        "Car.Environment.CumulativeReward.sum": {
            "value": 139.5170703791082,
            "min": -86.18218848109245,
            "max": 194.30100555345416,
            "count": 529
        },
        "Car.Policy.ExtrinsicReward.mean": {
            "value": 2.7903414075821638,
            "min": -1.723643769621849,
            "max": 3.886020111069083,
            "count": 529
        },
        "Car.Policy.ExtrinsicReward.sum": {
            "value": 139.5170703791082,
            "min": -86.18218848109245,
            "max": 194.30100555345416,
            "count": 529
        },
        "Car.IsTraining.mean": {
            "value": 1.0,
            "min": 1.0,
            "max": 1.0,
            "count": 529
        },
        "Car.IsTraining.sum": {
            "value": 1.0,
            "min": 1.0,
            "max": 1.0,
            "count": 529
        },
        "Car.Losses.PolicyLoss.mean": {
            "value": 0.023600733563459167,
            "min": 0.013933030360688766,
            "max": 0.03517759415165832,
            "count": 515
        },
        "Car.Losses.PolicyLoss.sum": {
            "value": 0.023600733563459167,
            "min": 0.013933030360688766,
            "max": 0.03517759415165832,
            "count": 515
        },
        "Car.Losses.ValueLoss.mean": {
            "value": 0.18210423489411673,
            "min": 3.689763695244134e-05,
            "max": 0.2353602056701978,
            "count": 515
        },
        "Car.Losses.ValueLoss.sum": {
            "value": 0.18210423489411673,
            "min": 3.689763695244134e-05,
            "max": 0.2353602056701978,
            "count": 515
        },
        "Car.Policy.LearningRate.mean": {
            "value": 0.00014138021287328002,
            "min": 0.00014138021287328002,
            "max": 0.00029969208010263996,
            "count": 515
        },
        "Car.Policy.LearningRate.sum": {
            "value": 0.00014138021287328002,
            "min": 0.00014138021287328002,
            "max": 0.00029969208010263996,
            "count": 515
        },
        "Car.Policy.Epsilon.mean": {
            "value": 0.14712672000000004,
            "min": 0.14712672000000004,
            "max": 0.19989735999999994,
            "count": 515
        },
        "Car.Policy.Epsilon.sum": {
            "value": 0.14712672000000004,
            "min": 0.14712672000000004,
            "max": 0.19989735999999994,
            "count": 515
        },
        "Car.Policy.Beta.mean": {
            "value": 0.0023616233279999998,
            "min": 0.0023616233279999998,
            "max": 0.004994878263999999,
            "count": 515
        },
        "Car.Policy.Beta.sum": {
            "value": 0.0023616233279999998,
            "min": 0.0023616233279999998,
            "max": 0.004994878263999999,
            "count": 515
        }
    },
    "metadata": {
        "timer_format_version": "0.1.0",
        "start_time_seconds": "1777325303",
        "python_version": "3.9.13 (tags/v3.9.13:6de2ca5, May 17 2022, 16:36:42) [MSC v.1929 64 bit (AMD64)]",
        "command_line_arguments": "C:\\Users\\juuli\\AppData\\Local\\Programs\\Python\\Python39\\lib\\site-packages\\mlagents\\trainers\\learn.py config.yaml --run-id=PPO_32_1 --force",
        "mlagents_version": "0.30.0",
        "mlagents_envs_version": "0.30.0",
        "communication_protocol_version": "1.5.0",
        "pytorch_version": "1.13.1+cpu",
        "numpy_version": "1.21.2",
        "end_time_seconds": "1777384476"
    },
    "total": 59173.6214162,
    "count": 1,
    "self": 0.03176349999557715,
    "children": {
        "run_training.setup": {
            "total": 0.08516370000000006,
            "count": 1,
            "self": 0.08516370000000006
        },
        "TrainerController.start_learning": {
            "total": 59173.504489000006,
            "count": 1,
            "self": 124.70665010077937,
            "children": {
                "TrainerController._reset_env": {
                    "total": 9.3127065,
                    "count": 1,
                    "self": 9.3127065
                },
                "TrainerController.advance": {
                    "total": 59038.591581499226,
                    "count": 5293069,
                    "self": 113.21954190145334,
                    "children": {
                        "env_step": {
                            "total": 57088.05960519756,
                            "count": 5293069,
                            "self": 52102.42983180396,
                            "children": {
                                "SubprocessEnvManager._take_step": {
                                    "total": 4907.054211596564,
                                    "count": 5293069,
                                    "self": 418.4610580036815,
                                    "children": {
                                        "TorchPolicy.evaluate": {
                                            "total": 4488.593153592882,
                                            "count": 5293069,
                                            "self": 4488.593153592882
                                        }
                                    }
                                },
                                "workers": {
                                    "total": 78.575561797035,
                                    "count": 5293068,
                                    "self": 0.0,
                                    "children": {
                                        "worker_root": {
                                            "total": 58856.1485431031,
                                            "count": 5293068,
                                            "is_parallel": true,
                                            "self": 13242.453335996193,
                                            "children": {
                                                "steps_from_proto": {
                                                    "total": 0.00043959999999998445,
                                                    "count": 1,
                                                    "is_parallel": true,
                                                    "self": 0.0001499999999996504,