{
    "name": "root",
    "metadata": {
        "timer_format_version": "0.1.0",
        "start_time_seconds": "1778349974",
        "python_version": "3.9.13 (tags/v3.9.13:6de2ca5, May 17 2022, 16:36:42) [MSC v.1929 64 bit (AMD64)]",
        "command_line_arguments": "C:\\Users\\juuli\\AppData\\Local\\Programs\\Python\\Python39\\lib\\site-packages\\mlagents\\trainers\\learn.py config.yaml --run-id=PPO_32_1 --resume",
        "mlagents_version": "0.30.0",
        "mlagents_envs_version": "0.30.0",
        "communication_protocol_version": "1.5.0",
        "pytorch_version": "1.13.1+cpu",
        "numpy_version": "1.21.2",
        "end_time_seconds": "1778350052"
    },
    "total": 77.6929681,
    "count": 1,
    "self": 0.0037898000000069487,
    "children": {
        "run_training.setup": {
            "total": 0.08498819999999996,
            "count": 1,
            "self": 0.08498819999999996
        },
        "TrainerController.start_learning": {
            "total": 77.6041901,
            "count": 1,
            "self": 0.009054000000006113,
            "children": {
                "TrainerController._reset_env": {
                    "total": 10.9652496,
                    "count": 1,
                    "self": 10.9652496
                },
                "TrainerController.advance": {
                    "total": 66.513936,
                    "count": 304,
                    "self": 0.0072120999999896185,
                    "children": {
                        "env_step": {
                            "total": 66.45848360000001,
                            "count": 304,
                            "self": 66.11041309999999,
                            "children": {
                                "SubprocessEnvManager._take_step": {
                                    "total": 0.34341380000000576,
                                    "count": 304,
                                    "self": 0.028488900000031236,
                                    "children": {
                                        "TorchPolicy.evaluate": {
                                            "total": 0.31492489999997453,
                                            "count": 304,
                                            "self": 0.31492489999997453
                                        }
                                    }
                                },
                                "workers": {
                                    "total": 0.004656700000010616,
                                    "count": 303,
                                    "self": 0.0,
                                    "children": {
                                        "worker_root": {
                                            "total": 3.953877400000019,
                                            "count": 303,
                                            "is_parallel": true,
                                            "self": 1.032510900000009,
                                            "children": {
                                                "steps_from_proto": {
                                                    "total": 0.0002572000000000685,
                                                    "count": 1,
                                                    "is_parallel": true,
                                                    "self": 8.799999999986596e-05,
                                                    "children": {
                                                        "_process_rank_one_or_two_observation": {
                                                            "total": 0.00016920000000020252,
                                                            "count": 2,
                                                            "is_parallel": true,
                                                            "self": 0.00016920000000020252
                                                        }
                                                    }
                                                },
                                                "UnityEnvironment.step": {
                                                    "total": 2.92110930000001,
                                                    "count": 303,
                                                    "is_parallel": true,
                                                    "self": 0.03010569999996804,
                                                    "children": {
                                                        "UnityEnvironment._generate_step_input": {
                                                            "total": 0.029978200000030597,
                                                            "count": 303,
                                                            "is_parallel": true,
                                                            "self": 0.029978200000030597
                                                        },
                                                        "communicator.exchange": {
                                                            "total": 2.7820169999999997,
                                                            "count": 303,
                                                            "is_parallel": true,
                                                            "self": 2.7820169999999997
                                                        },
                                                        "steps_from_proto": {
                                                            "total": 0.07900840000001175,
                                                            "count": 303,
                                                            "is_parallel": true,
                                                            "self": 0.03598639999998987,
                                                            "children": {
                                                                "_process_rank_one_or_two_observation": {
                                                                    "total": 0.043022000000021876,
                                                                    "count": 606,
                                                                    "is_parallel": true,
                                                                    "self": 0.043022000000021876
                                                                }
                                                            }
                                                        }
                                                    }
                                                }
                                            }
                                        }
                                    }
                                }
                            }
                        },
                        "trainer_advance": {
                            "total": 0.04824029999999979,
                            "count": 303,
                            "self": 0.009505600000005998,
                            "children": {
                                "process_trajectory": {
                                    "total": 0.038734699999993794,
                                    "count": 303,
                                    "self": 0.038734699999993794
                                }
                            }
                        }
                    }
                },
                "TrainerController._save_models": {
                    "total": 0.11595049999999674,
                    "count": 1,
                    "self": 0.04156199999999899,
                    "children": {
                        "RLTrainer._checkpoint": {
                            "total": 0.07438849999999775,
                            "count": 1,