{
    "name": "root",
    "gauges": {
        "Car.Policy.Entropy.mean": {
            "value": 1.1921789646148682,
            "min": 1.1920939683914185,
            "max": 1.1921789646148682,
            "count": 3
        },
        "Car.Policy.Entropy.sum": {
            "value": 11921.7890625,
            "min": 3967.28857421875,
            "max": 11921.7890625,
            "count": 3
        },
        "Car.Step.mean": {
            "value": 2609955.0,
            "min": 2589955.0,
            "max": 2609955.0,
            "count": 3
        },
        "Car.Step.sum": {
            "value": 2609955.0,
            "min": 2589955.0,
            "max": 2609955.0,
            "count": 3
        },
        "Car.Policy.ExtrinsicValueEstimate.mean": {
            "value": 2.866359233856201,
            "min": 2.866359233856201,
            "max": 2.889986515045166,
            "count": 3
        },
        "Car.Policy.ExtrinsicValueEstimate.sum": {
            "value": 573.2718505859375,
            "min": 187.84912109375,
            "max": 574.39453125,
            "count": 3
        },
        "Car.Environment.EpisodeLength.mean": {
            "value": 199.0,
            "min": 199.0,
            "max": 199.0,
            "count": 3
        },
        "Car.Environment.EpisodeLength.sum": {
            "value": 9950.0,
            "min": 3184.0,
            "max": 9950.0,
            "count": 3
        },
        "Car.Environment.CumulativeReward.mean": {
            "value": 6.0582395308464765,
            "min": 5.563245871514082,
            "max": 6.730684678070247,
            "count": 3
        },
        "Car.Environment.CumulativeReward.sum": {
            "value": 302.9119765423238,
            "min": 107.69095484912395,
            "max": 302.9119765423238,
            "count": 3
        },
        "Car.Policy.ExtrinsicReward.mean": {
            "value": 6.0582395308464765,
            "min": 5.563245871514082,
            "max": 6.730684678070247,
            "count": 3
        },
        "Car.Policy.ExtrinsicReward.sum": {
            "value": 302.9119765423238,
            "min": 107.69095484912395,
            "max": 302.9119765423238,
            "count": 3
        },
        "Car.IsTraining.mean": {
            "value": 1.0,
            "min": 1.0,
            "max": 1.0,
            "count": 3
        },
        "Car.IsTraining.sum": {
            "value": 1.0,
            "min": 1.0,
            "max": 1.0,
            "count": 3
        },
        "Car.Losses.PolicyLoss.mean": {
            "value": 0.025271410037142537,
            "min": 0.024961617845110595,
            "max": 0.025271410037142537,
            "count": 2
        },
        "Car.Losses.PolicyLoss.sum": {
            "value": 0.025271410037142537,
            "min": 0.024961617845110595,
            "max": 0.025271410037142537,
            "count": 2
        },
        "Car.Losses.ValueLoss.mean": {
            "value": 0.17250043004751206,
            "min": 0.17250043004751206,
            "max": 0.1762743150194486,
            "count": 2
        },
        "Car.Losses.ValueLoss.sum": {
            "value": 0.17250043004751206,
            "min": 0.17250043004751206,
            "max": 0.1762743150194486,
            "count": 2
        },
        "Car.Policy.LearningRate.mean": {
            "value": 0.00022178345607219002,
            "min": 0.00022178345607219002,
            "max": 0.0002220913759695499,
            "count": 2
        },
        "Car.Policy.LearningRate.sum": {
            "value": 0.00022178345607219002,
            "min": 0.00022178345607219002,
            "max": 0.0002220913759695499,
            "count": 2
        },
        "Car.Policy.Epsilon.mean": {
            "value": 0.17392781000000007,
            "min": 0.17392781000000007,
            "max": 0.17403045,
            "count": 2
        },
        "Car.Policy.Epsilon.sum": {
            "value": 0.17392781000000007,
            "min": 0.17392781000000007,
            "max": 0.17403045,
            "count": 2
        },
        "Car.Policy.Beta.mean": {
            "value": 0.0036989977189999987,
            "min": 0.0036989977189999987,
            "max": 0.0037041194550000004,
            "count": 2
        },
        "Car.Policy.Beta.sum": {
            "value": 0.0036989977189999987,
            "min": 0.0036989977189999987,
            "max": 0.0037041194550000004,
            "count": 2
        }
    },
    "metadata": {
        "timer_format_version": "0.1.0",
        "start_time_seconds": "1777288719",
        "python_version": "3.9.13 (tags/v3.9.13:6de2ca5, May 17 2022, 16:36:42) [MSC v.1929 64 bit (AMD64)]",
        "command_line_arguments": "C:\\Users\\juuli\\AppData\\Local\\Programs\\Python\\Python39\\lib\\site-packages\\mlagents\\trainers\\learn.py config.yaml --run-id=PPOLOW1 --resume",
        "mlagents_version": "0.30.0",
        "mlagents_envs_version": "0.30.0",
        "communication_protocol_version": "1.5.0",
        "pytorch_version": "1.13.1+cpu",
        "numpy_version": "1.21.2",
        "end_time_seconds": "1777288909"
    },
    "total": 190.1237947,
    "count": 1,
    "self": 0.005749900000012076,
    "children": {
        "run_training.setup": {
            "total": 0.11008689999999999,
            "count": 1,
            "self": 0.11008689999999999
        },
        "TrainerController.start_learning": {
            "total": 190.00795789999998,
            "count": 1,
            "self": 0.6015124999991031,
            "children": {
                "TrainerController._reset_env": {
                    "total": 24.9738074,
                    "count": 1,
                    "self": 24.9738074
                },
                "TrainerController.advance": {
                    "total": 164.3092261000009,
                    "count": 30212,
                    "self": 0.5915813999975796,
                    "children": {
                        "env_step": {
                            "total": 157.85506720000222,
                            "count": 30212,
                            "self": 135.71184790000297,
                            "children": {
                                "SubprocessEnvManager._take_step": {
                                    "total": 21.789770500000692,
                                    "count": 30212,
                                    "self": 1.835108200002253,
                                    "children": {
                                        "TorchPolicy.evaluate": {
                                            "total": 19.95466229999844,
                                            "count": 30212,
                                            "self": 19.95466229999844
                                        }
                                    }
                                },
                                "workers": {
                                    "total": 0.35344879999857426,
                                    "count": 30211,
                                    "self": 0.0,
                                    "children": {
                                        "worker_root": {
                                            "total": 164.2059901999999,
                                            "count": 30211,
                                            "is_parallel": true,
                                            "self": 57.499550000001236,
                                            "children": {
                                                "steps_from_proto": {
                                                    "total": 0.0005580000000016128,
                                                    "count": 1,
                                                    "is_parallel": true,
                                                    "self": 0.00022000000000232944,